isic_id,target
ISIC_0015657,0.18550608
ISIC_0015729,0.2090997
ISIC_0015740,0.1830071
